Biosample term id	Biosample term name	Biosample type	Biosample organism	Biosample treatments	Biosample treatments amount	Biosample treatments duration	Biosample genetic modifications methods	Biosample genetic modifications categories	Biosample genetic modifications targets	Biosample genetic modifications gene targets	Biosample genetic modifications site coordinates	Biosample genetic modifications zygosity	Hi-C Donor(s)	Hi-C Experiment accession	Hi-C Output type	Hi-C File accession	DNase Donor(s)	DNase Experiment accession	DNase Experiment date released	DNase Lab	DNase File accession	DNase Output type	DNase Run type	full_predictions_SYNAPSE_ID	thresholded_bedpe_SYNAPSE_ID	thresholded_predictions_SYNAPSE_ID	thresholded_bigInteract_SYNAPSE_ID
EFO:0002824	HCT116	cell line	Homo sapiens	5-Phenyl-1H-indole-3-acetic acid	1 μM	6 hour	CRISPR	insertion	{'dbxrefs': ['FactorBook:RAD21'], 'aliases': [], 'organism': {'schema_version': '6', '@type': ['Organism', 'Item'], 'name': 'human', 'taxon_id': '9606', 'scientific_name': 'Homo sapiens', '@id': '/organisms/human/', 'uuid': '7745b647-ff15-4ff3-9ced-b897d4e2983c', 'status': 'released'}, 'genes': ['/genes/5885/'], '@type': ['Target', 'Item'], 'label': 'RAD21', 'title': 'RAD21 (Homo sapiens)', 'investigated_as': ['cohesin'], 'uuid': '909133b9-786c-424e-b081-0fe540bda118', 'schema_version': '14', 'name': 'RAD21-human', '@id': '/targets/RAD21-human/', 'status': 'released'}	/genes/17/	NA	NA	/human-donors/ENCDO000ABE/	ENCSR087JOM	mapping quality thresholded contact matrix	ENCFF317OIA	NA	NA	NA	NA	NA	NA	NA	NA	NA	NA	NA
NTR:0000505	dendritic cell	primary cell	Homo sapiens	granulocyte-macrophage colony-stimulating factor, Interleukin-4	50 ng/mL, 40 ng/mL	4 day	NA	NA	NA	NA	NA	NA	/human-donors/ENCDO346BRO/	ENCSR456QYU	mapping quality thresholded contact matrix	ENCFF911AHQ	NA	NA	NA	NA	NA	NA	NA	NA	NA	NA	NA
EFO:0002106	A673	cell line	Homo sapiens	NA	NA	NA	NA	NA	NA	NA	NA	NA	/human-donors/ENCDO027VXA/	ENCSR455KLX	mapping quality thresholded contact matrix	ENCFF129LMU	/human-donors/ENCDO027VXA/	ENCSR114QAK	2022-08-09	John Stamatoyannopoulos, UW	ENCFF037RUL	alignments	paired-ended	syn55174022	syn55174018	syn55174015	syn55174014
CL:0000236	B cell	primary cell	Homo sapiens	NA	NA	NA	NA	NA	NA	NA	NA	NA	/human-donors/ENCDO383AQS/	ENCSR847RHU	mapping quality thresholded contact matrix	ENCFF076LWH	/human-donors/ENCDO383AQS/	ENCSR468AKF	2020-10-05	John Stamatoyannopoulos, UW	ENCFF213FNG	alignments	paired-ended	syn55174025	syn55174020	syn55174019	syn55174016
CL:0001054	CD14-positive monocyte	primary cell	Homo sapiens	NA	NA	NA	NA	NA	NA	NA	NA	NA	/human-donors/ENCDO544CHQ/	ENCSR236EYO	mapping quality thresholded contact matrix	ENCFF185AYZ	/human-donors/ENCDO544CHQ/	ENCSR241BNZ	2020-10-05	John Stamatoyannopoulos, UW	ENCFF568RGF	alignments	paired-ended	syn55174029	syn55174026	syn55174024	syn55174023
CL:0001054	CD14-positive monocyte	primary cell	Homo sapiens	NA	NA	NA	NA	NA	NA	NA	NA	NA	/human-donors/ENCDO346BRO/	ENCSR444SKT	mapping quality thresholded contact matrix	ENCFF684YCT	/human-donors/ENCDO733YAB/	ENCSR464ETX	2022-06-07	John Stamatoyannopoulos, UW	ENCFF418GQQ	alignments	paired-ended	syn55174034	syn55174031	syn55174030	syn55174028
CL:0000624	CD4-positive, alpha-beta T cell	primary cell	Homo sapiens	NA	NA	NA	NA	NA	NA	NA	NA	NA	/human-donors/ENCDO394DKX/	ENCSR335JYP	mapping quality thresholded contact matrix	ENCFF958DWQ	/human-donors/ENCDO394DKX/	ENCSR376DAE	2020-10-05	John Stamatoyannopoulos, UW	ENCFF916EGX	alignments	paired-ended	syn55174040	syn55174035	syn55174033	syn55174032
CL:0000897	CD4-positive, alpha-beta memory T cell	primary cell	Homo sapiens	NA	NA	NA	NA	NA	NA	NA	NA	NA	/human-donors/ENCDO791UJG/	ENCSR379TIE	mapping quality thresholded contact matrix	ENCFF442IGJ	/human-donors/ENCDO791UJG/	ENCSR239XNU	2020-10-05	John Stamatoyannopoulos, UW	ENCFF534DMM	alignments	paired-ended	syn55174045	syn55174041	syn55174039	syn55174038
CL:0000625	CD8-positive, alpha-beta T cell	primary cell	Homo sapiens	NA	NA	NA	NA	NA	NA	NA	NA	NA	/human-donors/ENCDO781BMZ/	ENCSR321BHC	mapping quality thresholded contact matrix	ENCFF009ONH	/human-donors/ENCDO781BMZ/	ENCSR363BTB	2020-10-06	John Stamatoyannopoulos, UW	ENCFF432ZTH	alignments	paired-ended	syn55174049	syn55174046	syn55174043	syn55174042
EFO:0001099	Caco-2	cell line	Homo sapiens	NA	NA	NA	NA	NA	NA	NA	NA	NA	/human-donors/ENCDO000ACR/	ENCSR820DYU	mapping quality thresholded contact matrix	ENCFF234MDO	/human-donors/ENCDO000ACR/	ENCSR255STJ	2022-01-26	John Stamatoyannopoulos, UW	ENCFF368UBC, ENCFF554OTV	alignments, alignments	paired-ended, paired-ended	syn55174053	syn55174050	syn55174048	syn55174047
EFO:0002819	Calu3	cell line	Homo sapiens	NA	NA	NA	NA	NA	NA	NA	NA	NA	/human-donors/ENCDO109DGE/	ENCSR118AQZ	mapping quality thresholded contact matrix	ENCFF127TPS	/human-donors/ENCDO109DGE/	ENCSR366NBE	2022-01-26	John Stamatoyannopoulos, UW	ENCFF612BVO, ENCFF452KBW	alignments, alignments	paired-ended, paired-ended	syn55174058	syn55174055	syn55174052	syn55174051
EFO:0002784	GM12878	cell line	Homo sapiens	NA	NA	NA	NA	NA	NA	NA	NA	NA	/human-donors/ENCDO000AAK/	ENCSR916MFV	mapping quality thresholded contact matrix	ENCFF318GOM	/human-donors/ENCDO000AAK/	ENCSR000EMT	2011-05-04	John Stamatoyannopoulos, UW	ENCFF467CXY, ENCFF940NSD	unfiltered alignments, unfiltered alignments	single-ended, single-ended	syn55174063	syn55174059	syn55174057	syn55174056
EFO:0002824	HCT116	cell line	Homo sapiens	NA	NA	NA	CRISPR	insertion	{'dbxrefs': ['FactorBook:CTCF'], 'aliases': [], 'organism': {'schema_version': '6', '@type': ['Organism', 'Item'], 'name': 'human', 'taxon_id': '9606', 'scientific_name': 'Homo sapiens', '@id': '/organisms/human/', 'uuid': '7745b647-ff15-4ff3-9ced-b897d4e2983c', 'status': 'released'}, 'genes': ['/genes/10664/'], '@type': ['Target', 'Item'], 'label': 'CTCF', 'title': 'CTCF (Homo sapiens)', 'investigated_as': ['transcription factor'], 'uuid': '80f4c52e-c7bc-4afc-b159-89cb10367780', 'schema_version': '14', 'name': 'CTCF-human', '@id': '/targets/CTCF-human/', 'status': 'released'}	/genes/17/	NA	NA	/human-donors/ENCDO000ABE/	ENCSR086RCC	mapping quality thresholded contact matrix	ENCFF135MUT	/human-donors/ENCDO000ABE/	ENCSR477IQW	2022-02-25	John Stamatoyannopoulos, UW	ENCFF400YZH, ENCFF515XIW	alignments, alignments	paired-ended, paired-ended	syn55174068	syn55174065	syn55174061	syn55174062
EFO:0002824	HCT116	cell line	Homo sapiens	5-Phenyl-1H-indole-3-acetic acid	1 μM	6 hour	CRISPR	insertion	{'dbxrefs': ['UniProtKB:P50613'], 'aliases': [], 'organism': {'schema_version': '6', '@type': ['Organism', 'Item'], 'name': 'human', 'taxon_id': '9606', 'scientific_name': 'Homo sapiens', '@id': '/organisms/human/', 'uuid': '7745b647-ff15-4ff3-9ced-b897d4e2983c', 'status': 'released'}, 'genes': ['/genes/1022/'], '@type': ['Target', 'Item'], 'label': 'CDK7', 'title': 'CDK7 (Homo sapiens)', 'investigated_as': ['RNA polymerase complex'], 'uuid': 'a74b8104-c0ee-4510-884c-46b12d7c7f4f', 'schema_version': '14', 'name': 'CDK7-human', '@id': '/targets/CDK7-human/', 'status': 'released'}	/genes/17/	NA	NA	/human-donors/ENCDO000ABE/	ENCSR129NAE	mapping quality thresholded contact matrix	ENCFF683PLM	/human-donors/ENCDO000ABE/	ENCSR867ITQ	2022-04-08	John Stamatoyannopoulos, UW	ENCFF801KAM	alignments	paired-ended	syn55174073	syn55174069	syn55174067	syn55174066
EFO:0002824	HCT116	cell line	Homo sapiens	NA	NA	NA	CRISPR	insertion	{'schema_version': '14', 'aliases': [], 'organism': {'schema_version': '6', '@type': ['Organism', 'Item'], 'name': 'human', 'taxon_id': '9606', 'scientific_name': 'Homo sapiens', '@id': '/organisms/human/', 'uuid': '7745b647-ff15-4ff3-9ced-b897d4e2983c', 'status': 'released'}, 'genes': ['/genes/11198/'], '@type': ['Target', 'Item'], 'name': 'SUPT16H-human', 'label': 'SUPT16H', '@id': '/targets/SUPT16H-human/', 'title': 'SUPT16H (Homo sapiens)', 'investigated_as': ['RNA binding protein', 'chromatin remodeler'], 'uuid': 'c2e169f2-a299-4afb-af48-fca7e976b34f', 'status': 'released'}	/genes/17/	NA	NA	/human-donors/ENCDO000ABE/	ENCSR176ICO	mapping quality thresholded contact matrix	ENCFF241MSL	/human-donors/ENCDO000ABE/	ENCSR980GWI	2022-04-08	John Stamatoyannopoulos, UW	ENCFF766VMY	alignments	paired-ended	syn55174078	syn55174074	syn55174071	syn55174070
EFO:0002824	HCT116	cell line	Homo sapiens	5-Phenyl-1H-indole-3-acetic acid	1 μM	6 hour	CRISPR	insertion	{'dbxrefs': ['FactorBook:POLR2A'], 'aliases': ['michael-snyder:TS-2018'], 'organism': {'schema_version': '6', '@type': ['Organism', 'Item'], 'name': 'human', 'taxon_id': '9606', 'scientific_name': 'Homo sapiens', '@id': '/organisms/human/', 'uuid': '7745b647-ff15-4ff3-9ced-b897d4e2983c', 'status': 'released'}, 'genes': ['/genes/5430/'], '@type': ['Target', 'Item'], 'label': 'POLR2A', 'title': 'POLR2A (Homo sapiens)', 'investigated_as': ['RNA polymerase complex'], 'uuid': 'be79f3d1-4f34-42b3-a5b7-c42823169543', 'schema_version': '14', 'name': 'POLR2A-human', '@id': '/targets/POLR2A-human/', 'status': 'released'}	/genes/17/	NA	NA	/human-donors/ENCDO000ABE/	ENCSR218URU	mapping quality thresholded contact matrix	ENCFF302CUI	/human-donors/ENCDO000ABE/	ENCSR595CME	2022-02-25	John Stamatoyannopoulos, UW	ENCFF464UIL, ENCFF305OHN	alignments, alignments	paired-ended, paired-ended	syn55174083	syn55174079	syn55174076	syn55174075
EFO:0002824	HCT116	cell line	Homo sapiens	NA	NA	NA	CRISPR	insertion	{'dbxrefs': ['FactorBook:BRD4'], 'aliases': [], 'organism': {'schema_version': '6', '@type': ['Organism', 'Item'], 'name': 'human', 'taxon_id': '9606', 'scientific_name': 'Homo sapiens', '@id': '/organisms/human/', 'uuid': '7745b647-ff15-4ff3-9ced-b897d4e2983c', 'status': 'released'}, 'genes': ['/genes/23476/'], '@type': ['Target', 'Item'], 'label': 'BRD4', 'title': 'BRD4 (Homo sapiens)', 'investigated_as': ['chromatin remodeler', 'cofactor'], 'uuid': '845d88b2-a793-47f8-82e6-685531d8fb8d', 'schema_version': '14', 'name': 'BRD4-human', '@id': '/targets/BRD4-human/', 'status': 'released'}	/genes/17/	NA	NA	/human-donors/ENCDO000ABE/	ENCSR233DHQ	mapping quality thresholded contact matrix	ENCFF104THR	/human-donors/ENCDO000ABE/	ENCSR811COL	2022-02-25	John Stamatoyannopoulos, UW	ENCFF748RTZ, ENCFF226KYV	alignments, alignments	paired-ended, paired-ended	syn55174087	syn55174084	syn55174082	syn55174081
EFO:0002824	HCT116	cell line	Homo sapiens	5-Phenyl-1H-indole-3-acetic acid	1 μM	6 hour	CRISPR	insertion	{'schema_version': '14', 'aliases': [], 'organism': {'schema_version': '6', '@type': ['Organism', 'Item'], 'name': 'human', 'taxon_id': '9606', 'scientific_name': 'Homo sapiens', '@id': '/organisms/human/', 'uuid': '7745b647-ff15-4ff3-9ced-b897d4e2983c', 'status': 'released'}, 'genes': ['/genes/9282/'], '@type': ['Target', 'Item'], 'name': 'MED14-human', 'label': 'MED14', '@id': '/targets/MED14-human/', 'title': 'MED14 (Homo sapiens)', 'investigated_as': ['cofactor'], 'uuid': '56dbb4a0-de10-44ee-bb8c-dd4aa53a96d5', 'status': 'released'}	/genes/17/	NA	NA	/human-donors/ENCDO000ABE/	ENCSR343ELD	mapping quality thresholded contact matrix	ENCFF004TKY	/human-donors/ENCDO000ABE/	ENCSR498JAW	2022-02-25	John Stamatoyannopoulos, UW	ENCFF958BEI, ENCFF955RHM	alignments, alignments	paired-ended, paired-ended	syn55174093	syn55174089	syn55174086	syn55174085
EFO:0002824	HCT116	cell line	Homo sapiens	NA	NA	NA	NA	NA	NA	NA	NA	NA	/human-donors/ENCDO000ABE/	ENCSR477GZK	mapping quality thresholded contact matrix	ENCFF573OPJ	/human-donors/ENCDO000ABE/	ENCSR000ENM	2010-12-16	John Stamatoyannopoulos, UW	ENCFF166PCV, ENCFF619LVU	unfiltered alignments, unfiltered alignments	single-ended, single-ended	syn55174097	syn55174094	syn55174091	syn55174090
EFO:0002824	HCT116	cell line	Homo sapiens	NA	NA	NA	CRISPR	insertion	{'dbxrefs': ['UniProtKB:P50613'], 'aliases': [], 'organism': {'schema_version': '6', '@type': ['Organism', 'Item'], 'name': 'human', 'taxon_id': '9606', 'scientific_name': 'Homo sapiens', '@id': '/organisms/human/', 'uuid': '7745b647-ff15-4ff3-9ced-b897d4e2983c', 'status': 'released'}, 'genes': ['/genes/1022/'], '@type': ['Target', 'Item'], 'label': 'CDK7', 'title': 'CDK7 (Homo sapiens)', 'investigated_as': ['RNA polymerase complex'], 'uuid': 'a74b8104-c0ee-4510-884c-46b12d7c7f4f', 'schema_version': '14', 'name': 'CDK7-human', '@id': '/targets/CDK7-human/', 'status': 'released'}	/genes/17/	NA	NA	/human-donors/ENCDO000ABE/	ENCSR481XZF	mapping quality thresholded contact matrix	ENCFF435JYN	/human-donors/ENCDO000ABE/	ENCSR129EWE	2022-04-08	John Stamatoyannopoulos, UW	ENCFF118WQF, ENCFF708EPH	alignments, alignments	paired-ended, paired-ended	syn55174102	syn55174099	syn55174096	syn55174095
EFO:0002824	HCT116	cell line	Homo sapiens	NA	NA	NA	CRISPR	insertion	{'schema_version': '14', 'aliases': [], 'organism': {'schema_version': '6', '@type': ['Organism', 'Item'], 'name': 'human', 'taxon_id': '9606', 'scientific_name': 'Homo sapiens', '@id': '/organisms/human/', 'uuid': '7745b647-ff15-4ff3-9ced-b897d4e2983c', 'status': 'released'}, 'genes': ['/genes/9282/'], '@type': ['Target', 'Item'], 'name': 'MED14-human', 'label': 'MED14', '@id': '/targets/MED14-human/', 'title': 'MED14 (Homo sapiens)', 'investigated_as': ['cofactor'], 'uuid': '56dbb4a0-de10-44ee-bb8c-dd4aa53a96d5', 'status': 'released'}	/genes/17/	NA	NA	/human-donors/ENCDO000ABE/	ENCSR490HOI	mapping quality thresholded contact matrix	ENCFF086ORS	/human-donors/ENCDO000ABE/	ENCSR694YJR	2022-02-25	John Stamatoyannopoulos, UW	ENCFF213KGB, ENCFF191GDK	alignments, alignments	paired-ended, paired-ended	syn55174107	syn55174103	syn55174101	syn55174100
EFO:0002824	HCT116	cell line	Homo sapiens	NA	NA	NA	CRISPR	insertion	{'dbxrefs': ['FactorBook:POLR2A'], 'aliases': ['michael-snyder:TS-2018'], 'organism': {'schema_version': '6', '@type': ['Organism', 'Item'], 'name': 'human', 'taxon_id': '9606', 'scientific_name': 'Homo sapiens', '@id': '/organisms/human/', 'uuid': '7745b647-ff15-4ff3-9ced-b897d4e2983c', 'status': 'released'}, 'genes': ['/genes/5430/'], '@type': ['Target', 'Item'], 'label': 'POLR2A', 'title': 'POLR2A (Homo sapiens)', 'investigated_as': ['RNA polymerase complex'], 'uuid': 'be79f3d1-4f34-42b3-a5b7-c42823169543', 'schema_version': '14', 'name': 'POLR2A-human', '@id': '/targets/POLR2A-human/', 'status': 'released'}	/genes/17/	NA	NA	/human-donors/ENCDO000ABE/	ENCSR533VUS	mapping quality thresholded contact matrix	ENCFF534TYD	/human-donors/ENCDO000ABE/	ENCSR878VJL	2022-02-25	John Stamatoyannopoulos, UW	ENCFF028XIT, ENCFF139MVW	alignments, alignments	paired-ended, paired-ended	syn55174111	syn55174108	syn55174105	syn55174104
EFO:0002824	HCT116	cell line	Homo sapiens	5-Phenyl-1H-indole-3-acetic acid	1 μM	6 hour	CRISPR	insertion	{'schema_version': '14', 'aliases': [], 'organism': {'schema_version': '6', '@type': ['Organism', 'Item'], 'name': 'human', 'taxon_id': '9606', 'scientific_name': 'Homo sapiens', '@id': '/organisms/human/', 'uuid': '7745b647-ff15-4ff3-9ced-b897d4e2983c', 'status': 'released'}, 'genes': ['/genes/11198/'], '@type': ['Target', 'Item'], 'name': 'SUPT16H-human', 'label': 'SUPT16H', '@id': '/targets/SUPT16H-human/', 'title': 'SUPT16H (Homo sapiens)', 'investigated_as': ['RNA binding protein', 'chromatin remodeler'], 'uuid': 'c2e169f2-a299-4afb-af48-fca7e976b34f', 'status': 'released'}	/genes/17/	NA	NA	/human-donors/ENCDO000ABE/	ENCSR565SZK	mapping quality thresholded contact matrix	ENCFF434XQU	/human-donors/ENCDO000ABE/	ENCSR795ZKB	2022-02-25	John Stamatoyannopoulos, UW	ENCFF076SWD, ENCFF454IID	alignments, alignments	paired-ended, paired-ended	syn55174117	syn55174112	syn55174110	syn55174109
EFO:0002824	HCT116	cell line	Homo sapiens	5-Phenyl-1H-indole-3-acetic acid	1 μM	6 hour	CRISPR	insertion	{'dbxrefs': ['FactorBook:SMARCA5'], 'aliases': ['michael-snyder:TS-74'], 'organism': {'schema_version': '6', '@type': ['Organism', 'Item'], 'name': 'human', 'taxon_id': '9606', 'scientific_name': 'Homo sapiens', '@id': '/organisms/human/', 'uuid': '7745b647-ff15-4ff3-9ced-b897d4e2983c', 'status': 'released'}, 'genes': ['/genes/8467/'], '@type': ['Target', 'Item'], 'label': 'SMARCA5', 'title': 'SMARCA5 (Homo sapiens)', 'investigated_as': ['chromatin remodeler'], 'uuid': '0141ee15-080e-4d95-bbaf-4b8679e9f583', 'schema_version': '14', 'name': 'SMARCA5-human', '@id': '/targets/SMARCA5-human/', 'status': 'released'}	/genes/17/	NA	NA	/human-donors/ENCDO000ABE/	ENCSR642MGQ	mapping quality thresholded contact matrix	ENCFF912NDK	/human-donors/ENCDO000ABE/	ENCSR542UWN	2022-02-25	John Stamatoyannopoulos, UW	ENCFF121EVV, ENCFF720KAC	alignments, alignments	paired-ended, paired-ended	syn55174121	syn55174118	syn55174116	syn55174113
EFO:0002824	HCT116	cell line	Homo sapiens	5-Phenyl-1H-indole-3-acetic acid	1 μM	6 hour	CRISPR	insertion	{'dbxrefs': ['FactorBook:CTCF'], 'aliases': [], 'organism': {'schema_version': '6', '@type': ['Organism', 'Item'], 'name': 'human', 'taxon_id': '9606', 'scientific_name': 'Homo sapiens', '@id': '/organisms/human/', 'uuid': '7745b647-ff15-4ff3-9ced-b897d4e2983c', 'status': 'released'}, 'genes': ['/genes/10664/'], '@type': ['Target', 'Item'], 'label': 'CTCF', 'title': 'CTCF (Homo sapiens)', 'investigated_as': ['transcription factor'], 'uuid': '80f4c52e-c7bc-4afc-b159-89cb10367780', 'schema_version': '14', 'name': 'CTCF-human', '@id': '/targets/CTCF-human/', 'status': 'released'}	/genes/17/	NA	NA	/human-donors/ENCDO000ABE/	ENCSR669VZH	mapping quality thresholded contact matrix	ENCFF259YUS	/human-donors/ENCDO000ABE/	ENCSR702VYW	2022-02-25	John Stamatoyannopoulos, UW	ENCFF381UGQ, ENCFF556STX	alignments, alignments	paired-ended, paired-ended	syn55174126	syn55174122	syn55174120	syn55174119
EFO:0002824	HCT116	cell line	Homo sapiens	NA	NA	NA	CRISPR	insertion	{'dbxrefs': ['FactorBook:SMARCA5'], 'aliases': ['michael-snyder:TS-74'], 'organism': {'schema_version': '6', '@type': ['Organism', 'Item'], 'name': 'human', 'taxon_id': '9606', 'scientific_name': 'Homo sapiens', '@id': '/organisms/human/', 'uuid': '7745b647-ff15-4ff3-9ced-b897d4e2983c', 'status': 'released'}, 'genes': ['/genes/8467/'], '@type': ['Target', 'Item'], 'label': 'SMARCA5', 'title': 'SMARCA5 (Homo sapiens)', 'investigated_as': ['chromatin remodeler'], 'uuid': '0141ee15-080e-4d95-bbaf-4b8679e9f583', 'schema_version': '14', 'name': 'SMARCA5-human', '@id': '/targets/SMARCA5-human/', 'status': 'released'}	/genes/17/	NA	NA	/human-donors/ENCDO000ABE/	ENCSR777YML	mapping quality thresholded contact matrix	ENCFF700DEX	/human-donors/ENCDO000ABE/	ENCSR690ADK	2022-02-25	John Stamatoyannopoulos, UW	ENCFF523QDP	alignments	paired-ended	syn55174130	syn55174127	syn55174125	syn55174123
EFO:0002824	HCT116	cell line	Homo sapiens	5-Phenyl-1H-indole-3-acetic acid	1 μM	6 hour	CRISPR	insertion	{'dbxrefs': ['FactorBook:BRD4'], 'aliases': [], 'organism': {'schema_version': '6', '@type': ['Organism', 'Item'], 'name': 'human', 'taxon_id': '9606', 'scientific_name': 'Homo sapiens', '@id': '/organisms/human/', 'uuid': '7745b647-ff15-4ff3-9ced-b897d4e2983c', 'status': 'released'}, 'genes': ['/genes/23476/'], '@type': ['Target', 'Item'], 'label': 'BRD4', 'title': 'BRD4 (Homo sapiens)', 'investigated_as': ['chromatin remodeler', 'cofactor'], 'uuid': '845d88b2-a793-47f8-82e6-685531d8fb8d', 'schema_version': '14', 'name': 'BRD4-human', '@id': '/targets/BRD4-human/', 'status': 'released'}	/genes/17/	NA	NA	/human-donors/ENCDO000ABE/	ENCSR878JLT	mapping quality thresholded contact matrix	ENCFF016JKX	/human-donors/ENCDO000ABE/	ENCSR521WNU	2022-02-25	John Stamatoyannopoulos, UW	ENCFF621YTZ, ENCFF587DHQ	alignments, alignments	paired-ended, paired-ended	syn55174136	syn55174132	syn55174129	syn55174128
EFO:0002824	HCT116	cell line	Homo sapiens	NA	NA	NA	CRISPR	insertion	{'dbxrefs': ['FactorBook:RAD21'], 'aliases': [], 'organism': {'schema_version': '6', '@type': ['Organism', 'Item'], 'name': 'human', 'taxon_id': '9606', 'scientific_name': 'Homo sapiens', '@id': '/organisms/human/', 'uuid': '7745b647-ff15-4ff3-9ced-b897d4e2983c', 'status': 'released'}, 'genes': ['/genes/5885/'], '@type': ['Target', 'Item'], 'label': 'RAD21', 'title': 'RAD21 (Homo sapiens)', 'investigated_as': ['cohesin'], 'uuid': '909133b9-786c-424e-b081-0fe540bda118', 'schema_version': '14', 'name': 'RAD21-human', '@id': '/targets/RAD21-human/', 'status': 'released'}	/genes/17/	NA	NA	/human-donors/ENCDO000ABE/	ENCSR958BEA	mapping quality thresholded contact matrix	ENCFF528XGK	/human-donors/ENCDO000ABE/	ENCSR823GSV	2023-01-27	John Stamatoyannopoulos, UW	ENCFF545ONU	alignments	paired-ended	syn55174140	syn55174137	syn55174135	syn55174133
EFO:0001187	HepG2	cell line	Homo sapiens	NA	NA	NA	NA	NA	NA	NA	NA	NA	/human-donors/ENCDO000AAC/	ENCSR888DEJ	mapping quality thresholded contact matrix	ENCFF807IRK	/human-donors/ENCDO000AAC/	ENCSR149XIL	2015-08-18	John Stamatoyannopoulos, UW	ENCFF474LSZ, ENCFF839SPF	alignments, alignments	paired-ended, paired-ended	syn55174145	syn55174141	syn55174139	syn55174138
EFO:0001196	IMR-90	cell line	Homo sapiens	NA	NA	NA	NA	NA	NA	NA	NA	NA	/human-donors/ENCDO000AAX/	ENCSR345VTI	mapping quality thresholded contact matrix	ENCFF281ILS	/human-donors/ENCDO000AAX/	ENCSR000EKG	2012-08-28	Gregory Crawford, Duke	ENCFF361OWP	unfiltered alignments	single-ended	syn55174149	syn55174146	syn55174144	syn55174142
EFO:0002067	K562	cell line	Homo sapiens	NA	NA	NA	NA	NA	NA	NA	NA	NA	/human-donors/ENCDO000AAD/	ENCSR479XDG	mapping quality thresholded contact matrix	ENCFF621AIY	/human-donors/ENCDO000AAD/	ENCSR000EOT	2018-05-09	John Stamatoyannopoulos, UW	ENCFF325RTP, ENCFF860XAE	unfiltered alignments, unfiltered alignments	paired-ended & single-ended, single-ended	syn55174155	syn55174151	syn55174148	syn55174147
EFO:0001200	MCF 10A	cell line	Homo sapiens	NA	NA	NA	NA	NA	NA	NA	NA	NA	/human-donors/ENCDO000AAP/	ENCSR370TFL	mapping quality thresholded contact matrix	ENCFF977XWK	/human-donors/ENCDO000AAP/	ENCSR789VGQ	2018-01-18	John Stamatoyannopoulos, UW	ENCFF416UGH	unfiltered alignments	paired-ended & single-ended	syn55174158	syn55174156	syn55174154	syn55174152
EFO:0001203	MCF-7	cell line	Homo sapiens	NA	NA	NA	NA	NA	NA	NA	NA	NA	/human-donors/ENCDO000AAE/	ENCSR660LPJ	mapping quality thresholded contact matrix	ENCFF420JTA	/human-donors/ENCDO000AAE/	ENCSR000EPH	2012-06-12	John Stamatoyannopoulos, UW	ENCFF429VEC, ENCFF812YNL	unfiltered alignments, unfiltered alignments	single-ended, single-ended	syn55174164	syn55174160	syn55174159	syn55174157
EFO:0006711	OCI-LY7	cell line	Homo sapiens	NA	NA	NA	NA	NA	NA	NA	NA	NA	/human-donors/ENCDO351AAA/	ENCSR088BOG	mapping quality thresholded contact matrix	ENCFF480KLP	/human-donors/ENCDO351AAA/	ENCSR489NAM	2015-08-31	John Stamatoyannopoulos, UW	ENCFF643CGR, ENCFF210MMO	alignments, alignments	paired-ended, paired-ended	syn55174169	syn55174165	syn55174163	syn55174162
EFO:0002074	PC-3	cell line	Homo sapiens	NA	NA	NA	NA	NA	NA	NA	NA	NA	/human-donors/ENCDO349AAA/	ENCSR038TZA	mapping quality thresholded contact matrix	ENCFF322IBI	/human-donors/ENCDO349AAA/	ENCSR052AWE	2015-11-05	John Stamatoyannopoulos, UW	ENCFF197VOO, ENCFF695RSF	alignments, alignments	paired-ended, paired-ended	syn55174174	syn55174171	syn55174168	syn55174166
EFO:0002847	PC-9	cell line	Homo sapiens	NA	NA	NA	NA	NA	NA	NA	NA	NA	/human-donors/ENCDO647UHQ/	ENCSR859DRK	mapping quality thresholded contact matrix	ENCFF181ROW	/human-donors/ENCDO647UHQ/	ENCSR781TYE	2022-08-09	John Stamatoyannopoulos, UW	ENCFF658ARC, ENCFF389ZHQ	alignments, alignments	paired-ended, paired-ended	syn55174179	syn55174175	syn55174173	syn55174172
EFO:0002713	Panc1	cell line	Homo sapiens	NA	NA	NA	NA	NA	NA	NA	NA	NA	/human-donors/ENCDO000ABB/	ENCSR584RBV	mapping quality thresholded contact matrix	ENCFF522YLZ	/human-donors/ENCDO000ABB/	ENCSR000EPT	2010-12-16	John Stamatoyannopoulos, UW	ENCFF313EDO, ENCFF325RLI	unfiltered alignments, unfiltered alignments	single-ended, single-ended	syn55174183	syn55174180	syn55174178	syn55174176
NTR:0000491	Right ventricle myocardium inferior	tissue	Homo sapiens	NA	NA	NA	NA	NA	NA	NA	NA	NA	/human-donors/ENCDO520EJG/	ENCSR921BHU	mapping quality thresholded contact matrix	ENCFF842DUO	/human-donors/ENCDO520EJG/	ENCSR085MZL	2021-02-09	John Stamatoyannopoulos, UW	ENCFF353FPQ	alignments	paired-ended	syn55174189	syn55174185	syn55174182	syn55174181
NTR:0000492	Right ventricle myocardium superior	tissue	Homo sapiens	NA	NA	NA	NA	NA	NA	NA	NA	NA	/human-donors/ENCDO520EJG/	ENCSR476RFQ	mapping quality thresholded contact matrix	ENCFF273XBU	/human-donors/ENCDO520EJG/	ENCSR895GSY	2020-10-02	John Stamatoyannopoulos, UW	ENCFF710GZI	alignments	paired-ended	syn55174193	syn55174190	syn55174187	syn55174186
CL:0000546	T-helper 2 cell	primary cell	Homo sapiens	Interferon-gamma antibody, Interleukin-4	100 μg/mL, 5 μg/mL	36 hour	NA	NA	NA	NA	NA	NA	/human-donors/ENCDO374BBL/	ENCSR832CKD	mapping quality thresholded contact matrix	ENCFF029UAL	/human-donors/ENCDO374BBL/	ENCSR223XND	2021-11-04	John Stamatoyannopoulos, UW	ENCFF966RTN	alignments	paired-ended	syn55174198	syn55174194	syn55174192	syn55174191
CL:0000896	activated CD4-positive, alpha-beta T cell	primary cell	Homo sapiens	anti-CD3 and anti-CD28 coated beads	NA	36 hour	NA	NA	NA	NA	NA	NA	/human-donors/ENCDO394DKX/	ENCSR421CGL	mapping quality thresholded contact matrix	ENCFF962EDB	/human-donors/ENCDO394DKX/	ENCSR935HEI	2020-09-28	John Stamatoyannopoulos, UW	ENCFF805CDT	alignments	paired-ended	syn55174203	syn55174199	syn55174197	syn55174195
CL:0000896	activated CD4-positive, alpha-beta T cell	primary cell	Homo sapiens	anti-CD3 and anti-CD28 coated beads, Interleukin-2	10 ng/mL	14 day, 24 day	NA	NA	NA	NA	NA	NA	/human-donors/ENCDO374BBL/	ENCSR923PPH	mapping quality thresholded contact matrix	ENCFF355VJW	/human-donors/ENCDO374BBL/	ENCSR365CUB	2022-03-01	John Stamatoyannopoulos, UW	ENCFF474YVS	alignments	paired-ended	syn55174208	syn55174202	syn55174201	syn55174200
NTR:0000499	activated CD4-positive, alpha-beta memory T cell	primary cell	Homo sapiens	anti-CD3 and anti-CD28 coated beads	NA	36 hour	NA	NA	NA	NA	NA	NA	/human-donors/ENCDO791UJG/	ENCSR291EBI	mapping quality thresholded contact matrix	ENCFF980NXK	/human-donors/ENCDO791UJG/	ENCSR021YFW	2020-09-28	John Stamatoyannopoulos, UW	ENCFF996KZH	alignments	paired-ended	syn55174212	syn55174207	syn55174205	syn55174204
CL:0000906	activated CD8-positive, alpha-beta T cell	primary cell	Homo sapiens	anti-CD3 and anti-CD28 coated beads	NA	36 hour	NA	NA	NA	NA	NA	NA	/human-donors/ENCDO781BMZ/	ENCSR351NAI	mapping quality thresholded contact matrix	ENCFF493SFI	/human-donors/ENCDO781BMZ/	ENCSR294YEJ	2020-09-28	John Stamatoyannopoulos, UW	ENCFF511NLD	alignments	paired-ended	syn55174217	syn55174213	syn55174211	syn55174209
NTR:0000634	activated T-helper 2 cell	primary cell	Homo sapiens	anti-CD3 and anti-CD28 coated beads, Interferon-gamma antibody, Interleukin-2, Interleukin-4	100 μg/mL, 5 μg/mL, 10 μg/mL	24 hour, 14 hour, 36 hour	NA	NA	NA	NA	NA	NA	/human-donors/ENCDO374BBL/	ENCSR474VTW	mapping quality thresholded contact matrix	ENCFF687ATD	/human-donors/ENCDO374BBL/	ENCSR780ABS	2021-11-04	John Stamatoyannopoulos, UW	ENCFF612MMX	alignments	paired-ended	syn55174221	syn55174218	syn55174215	syn55174214
NTR:0000497	activated naive CD4-positive, alpha-beta T cell	primary cell	Homo sapiens	anti-CD3 and anti-CD28 coated beads	NA	36 hour	NA	NA	NA	NA	NA	NA	/human-donors/ENCDO791UJG/	ENCSR195ETV	mapping quality thresholded contact matrix	ENCFF571GTF	/human-donors/ENCDO791UJG/	ENCSR478SWA	2020-09-28	John Stamatoyannopoulos, UW	ENCFF636CPJ	alignments	paired-ended	syn55174226	syn55174222	syn55174220	syn55174219
UBERON:0002369	adrenal gland	tissue	Homo sapiens	NA	NA	NA	NA	NA	NA	NA	NA	NA	/human-donors/ENCDO575WHY/	ENCSR898ANZ	mapping quality thresholded contact matrix	ENCFF499BVX	/human-donors/ENCDO575WHY/	ENCSR325FWM	2020-09-28	John Stamatoyannopoulos, UW	ENCFF683WUB	alignments	paired-ended	syn55174231	syn55174227	syn55174225	syn55174223
UBERON:0000947	aorta	tissue	Homo sapiens	NA	NA	NA	NA	NA	NA	NA	NA	NA	/human-donors/ENCDO856ZOJ/	ENCSR554SLA	mapping quality thresholded contact matrix	ENCFF493YNC	/human-donors/ENCDO856ZOJ/	ENCSR595DQM	2020-09-28	John Stamatoyannopoulos, UW	ENCFF934AZP	alignments	paired-ended	syn55174237	syn55174232	syn55174230	syn55174229
UBERON:0000947	aorta	tissue	Homo sapiens	NA	NA	NA	NA	NA	NA	NA	NA	NA	/human-donors/ENCDO575WHY/	ENCSR797MWY	mapping quality thresholded contact matrix	ENCFF791UZC	/human-donors/ENCDO575WHY/	ENCSR713KNQ	2020-09-28	John Stamatoyannopoulos, UW	ENCFF381CDO	alignments	paired-ended	syn55174240	syn55174236	syn55174235	syn55174234
UBERON:0001496	ascending aorta	tissue	Homo sapiens	NA	NA	NA	NA	NA	NA	NA	NA	NA	/human-donors/ENCDO793LXB/	ENCSR464RYO	mapping quality thresholded contact matrix	ENCFF558DYU	/human-donors/ENCDO793LXB/	ENCSR968TPO	2019-11-07	John Stamatoyannopoulos, UW	ENCFF361GMH	alignments	paired-ended	syn55174245	syn55174241	syn55174239	syn55174238
UBERON:0001150	body of pancreas	tissue	Homo sapiens	NA	NA	NA	NA	NA	NA	NA	NA	NA	/human-donors/ENCDO793LXB/	ENCSR121ALS	mapping quality thresholded contact matrix	ENCFF140ROU	/human-donors/ENCDO793LXB/	ENCSR828FVZ	2019-11-08	John Stamatoyannopoulos, UW	ENCFF135KGR	alignments	paired-ended	syn55174249	syn55174246	syn55174244	syn55174243
UBERON:0002099	cardiac septum	tissue	Homo sapiens	NA	NA	NA	NA	NA	NA	NA	NA	NA	/human-donors/ENCDO575WHY/	ENCSR556QHB	mapping quality thresholded contact matrix	ENCFF081PMO	/human-donors/ENCDO575WHY/	ENCSR524QBS	2020-09-28	John Stamatoyannopoulos, UW	ENCFF478AUS	alignments	paired-ended	syn55174254	syn55174250	syn55174248	syn55174247
UBERON:0000317	colonic mucosa	tissue	Homo sapiens	NA	NA	NA	NA	NA	NA	NA	NA	NA	/human-donors/ENCDO575WHY/	ENCSR439ILZ	mapping quality thresholded contact matrix	ENCFF355NFJ	/human-donors/ENCDO575WHY/	ENCSR994KTY	2021-08-31	John Stamatoyannopoulos, UW	ENCFF018RLE	alignments	paired-ended	syn55174259	syn55174255	syn55174256	syn55174252
UBERON:0009834	dorsolateral prefrontal cortex	tissue	Homo sapiens	NA	NA	NA	NA	NA	NA	NA	NA	NA	/human-donors/ENCDO623FPG/	ENCSR165UJN	mapping quality thresholded contact matrix	ENCFF925QIF	/human-donors/ENCDO623FPG/	ENCSR401UZL	2020-09-28	John Stamatoyannopoulos, UW	ENCFF301WKE	alignments	paired-ended	syn55174264	syn55174260	syn55174258	syn55174257
CL:0002618	endothelial cell of umbilical vein	primary cell	Homo sapiens	NA	NA	NA	NA	NA	NA	NA	NA	NA	/human-donors/ENCDO628LXZ/	ENCSR788FBI	mapping quality thresholded contact matrix	ENCFF783KQI	/human-donors/ENCDO930BXC/	ENCSR000EOQ	2011-05-04	John Stamatoyannopoulos, UW	ENCFF529QDQ, ENCFF016SEB	unfiltered alignments, unfiltered alignments	single-ended, single-ended	syn55174268	syn55174265	syn55174263	syn55174262
UBERON:0004648	esophagus muscularis mucosa	tissue	Homo sapiens	NA	NA	NA	NA	NA	NA	NA	NA	NA	/human-donors/ENCDO793LXB/	ENCSR274FJN	mapping quality thresholded contact matrix	ENCFF458VBB	/human-donors/ENCDO845WKR/	ENCSR944JCE	2017-11-01	John Stamatoyannopoulos, UW	ENCFF505FWC	alignments	paired-ended	syn55174274	syn55174270	syn55174267	syn55174266
UBERON:0006920	esophagus squamous epithelium	tissue	Homo sapiens	NA	NA	NA	NA	NA	NA	NA	NA	NA	/human-donors/ENCDO793LXB/	ENCSR015CVF	mapping quality thresholded contact matrix	ENCFF224HKR	/human-donors/ENCDO845WKR/	ENCSR783OCW	2017-10-02	John Stamatoyannopoulos, UW	ENCFF104MIA	alignments	paired-ended	syn55174279	syn55174275	syn55174273	syn55174272
UBERON:0002626	head of caudate nucleus	tissue	Homo sapiens	NA	NA	NA	NA	NA	NA	NA	NA	NA	/human-donors/ENCDO707TUE/	ENCSR874HTT	mapping quality thresholded contact matrix	ENCFF711XSR	/human-donors/ENCDO707TUE/	ENCSR116UQH	2020-09-28	John Stamatoyannopoulos, UW	ENCFF829OIX	alignments	paired-ended	syn55174283	syn55174280	syn55174278	syn55174276
UBERON:0002084	heart left ventricle	tissue	Homo sapiens	NA	NA	NA	NA	NA	NA	NA	NA	NA	/human-donors/ENCDO392CRK/	ENCSR210LEF	mapping quality thresholded contact matrix	ENCFF341WOY	/human-donors/ENCDO392CRK/	ENCSR598RVJ	2020-09-28	John Stamatoyannopoulos, UW	ENCFF682TBE	alignments	paired-ended	syn55174289	syn55174284	syn55174282	syn55174281
UBERON:0002084	heart left ventricle	tissue	Homo sapiens	NA	NA	NA	NA	NA	NA	NA	NA	NA	/human-donors/ENCDO439CAZ/	ENCSR324EJR	mapping quality thresholded contact matrix	ENCFF004YZQ	/human-donors/ENCDO856ZOJ/	ENCSR395HAE	2020-09-28	John Stamatoyannopoulos, UW	ENCFF154ILG	alignments	paired-ended	syn55174293	syn55174290	syn55174288	syn55174285
UBERON:0002084	heart left ventricle	tissue	Homo sapiens	NA	NA	NA	NA	NA	NA	NA	NA	NA	/human-donors/ENCDO804CLC/	ENCSR348KEP	mapping quality thresholded contact matrix	ENCFF556RLR	/human-donors/ENCDO477WED/	ENCSR222CLC	2020-09-28	John Stamatoyannopoulos, UW	ENCFF284XQW	alignments	paired-ended	syn55174298	syn55174295	syn55174292	syn55174291
UBERON:0002084	heart left ventricle	tissue	Homo sapiens	NA	NA	NA	NA	NA	NA	NA	NA	NA	/human-donors/ENCDO477WED/	ENCSR385MKW	mapping quality thresholded contact matrix	ENCFF294GFP	/human-donors/ENCDO477WED/	ENCSR222CLC	2020-09-28	John Stamatoyannopoulos, UW	ENCFF284XQW	alignments	paired-ended	syn55174304	syn55174299	syn55174297	syn55174296
UBERON:0002084	heart left ventricle	tissue	Homo sapiens	NA	NA	NA	NA	NA	NA	NA	NA	NA	/human-donors/ENCDO856ZOJ/	ENCSR498AFT	mapping quality thresholded contact matrix	ENCFF546TZN	/human-donors/ENCDO856ZOJ/	ENCSR395HAE	2020-09-28	John Stamatoyannopoulos, UW	ENCFF154ILG	alignments	paired-ended	syn55174308	syn55174305	syn55174301	syn55174300
UBERON:0002084	heart left ventricle	tissue	Homo sapiens	NA	NA	NA	NA	NA	NA	NA	NA	NA	/human-donors/ENCDO039RUH/	ENCSR518LPK	mapping quality thresholded contact matrix	ENCFF033WGK	/human-donors/ENCDO039RUH/	ENCSR735NTV	2020-09-28	John Stamatoyannopoulos, UW	ENCFF558NDU	alignments	paired-ended	syn55174313	syn55174309	syn55174307	syn55174306
UBERON:0002084	heart left ventricle	tissue	Homo sapiens	NA	NA	NA	NA	NA	NA	NA	NA	NA	/human-donors/ENCDO411EVD/	ENCSR529BKV	mapping quality thresholded contact matrix	ENCFF193CQL	/human-donors/ENCDO411EVD/	ENCSR747SEU	2020-09-28	John Stamatoyannopoulos, UW	ENCFF041ZOJ	alignments	paired-ended	syn55174317	syn55174314	syn55174311	syn55174310
UBERON:0002084	heart left ventricle	tissue	Homo sapiens	NA	NA	NA	NA	NA	NA	NA	NA	NA	/human-donors/ENCDO808ASZ/	ENCSR942NSE	mapping quality thresholded contact matrix	ENCFF251VFA	/human-donors/ENCDO039RUH/	ENCSR735NTV	2020-09-28	John Stamatoyannopoulos, UW	ENCFF558NDU	alignments	paired-ended	syn55174322	syn55174318	syn55174316	syn55174315
UBERON:0002084	heart left ventricle	tissue	Homo sapiens	NA	NA	NA	NA	NA	NA	NA	NA	NA	/human-donors/ENCDO967KID/	ENCSR967VFA	mapping quality thresholded contact matrix	ENCFF643NDM	/human-donors/ENCDO967KID/	ENCSR299QGI	2020-09-28	John Stamatoyannopoulos, UW	ENCFF631HMZ	alignments	paired-ended	syn55174327	syn55174323	syn55174320	syn55174319
UBERON:0002084	heart left ventricle	tissue	Homo sapiens	NA	NA	NA	NA	NA	NA	NA	NA	NA	/human-donors/ENCDO926KEV/	ENCSR998LLZ	mapping quality thresholded contact matrix	ENCFF591MHA	/human-donors/ENCDO392CRK/	ENCSR598RVJ	2020-09-28	John Stamatoyannopoulos, UW	ENCFF682TBE	alignments	paired-ended	syn55174332	syn55174328	syn55174325	syn55174324
UBERON:0002080	heart right ventricle	tissue	Homo sapiens	NA	NA	NA	NA	NA	NA	NA	NA	NA	/human-donors/ENCDO411EVD/	ENCSR297CCU	mapping quality thresholded contact matrix	ENCFF605CEN	/human-donors/ENCDO411EVD/	ENCSR356RNZ	2020-09-28	John Stamatoyannopoulos, UW	ENCFF843ZFJ	alignments	paired-ended	syn55174336	syn55174333	syn55174331	syn55174329
UBERON:0002080	heart right ventricle	tissue	Homo sapiens	NA	NA	NA	NA	NA	NA	NA	NA	NA	/human-donors/ENCDO477WED/	ENCSR315OOJ	mapping quality thresholded contact matrix	ENCFF028RXH	/human-donors/ENCDO477WED/	ENCSR214NLQ	2020-09-28	John Stamatoyannopoulos, UW	ENCFF803BUE	alignments	paired-ended	syn55174343	syn55174339	syn55174335	syn55174334
UBERON:0002080	heart right ventricle	tissue	Homo sapiens	NA	NA	NA	NA	NA	NA	NA	NA	NA	/human-donors/ENCDO926KEV/	ENCSR374OJL	mapping quality thresholded contact matrix	ENCFF545GBW	/human-donors/ENCDO926KEV/	ENCSR928WMU	2020-09-28	John Stamatoyannopoulos, UW	ENCFF850ISE	alignments	paired-ended	syn55174347	syn55174344	syn55174342	syn55174341
UBERON:0002080	heart right ventricle	tissue	Homo sapiens	NA	NA	NA	NA	NA	NA	NA	NA	NA	/human-donors/ENCDO856ZOJ/	ENCSR462CIE	mapping quality thresholded contact matrix	ENCFF252ANV	/human-donors/ENCDO392CRK/	ENCSR238FMP	2020-09-28	John Stamatoyannopoulos, UW	ENCFF366VIM	alignments	paired-ended	syn55174352	syn55174349	syn55174346	syn55174345
UBERON:0002080	heart right ventricle	tissue	Homo sapiens	NA	NA	NA	NA	NA	NA	NA	NA	NA	/human-donors/ENCDO967KID/	ENCSR530DID	mapping quality thresholded contact matrix	ENCFF965BPU	/human-donors/ENCDO967KID/	ENCSR298OIK	2020-09-28	John Stamatoyannopoulos, UW	ENCFF287TWO	alignments	paired-ended	syn55174356	syn55174353	syn55174351	syn55174350
UBERON:0002080	heart right ventricle	tissue	Homo sapiens	NA	NA	NA	NA	NA	NA	NA	NA	NA	/human-donors/ENCDO392CRK/	ENCSR591SNM	mapping quality thresholded contact matrix	ENCFF782WVZ	/human-donors/ENCDO392CRK/	ENCSR238FMP	2020-09-28	John Stamatoyannopoulos, UW	ENCFF366VIM	alignments	paired-ended	syn55174362	syn55174358	syn55174355	syn55174354
UBERON:0002080	heart right ventricle	tissue	Homo sapiens	NA	NA	NA	NA	NA	NA	NA	NA	NA	/human-donors/ENCDO804CLC/	ENCSR771MVF	mapping quality thresholded contact matrix	ENCFF467OGP	/human-donors/ENCDO039RUH/	ENCSR792QQE	2020-09-28	John Stamatoyannopoulos, UW	ENCFF153KXN	alignments	paired-ended	syn55174366	syn55174363	syn55174360	syn55174359
UBERON:0002080	heart right ventricle	tissue	Homo sapiens	NA	NA	NA	NA	NA	NA	NA	NA	NA	/human-donors/ENCDO808ASZ/	ENCSR812PIJ	mapping quality thresholded contact matrix	ENCFF507WEW	/human-donors/ENCDO808ASZ/	ENCSR694LFE	2020-09-28	John Stamatoyannopoulos, UW	ENCFF671AXT	alignments	paired-ended	syn55174371	syn55174368	syn55174365	syn55174364
UBERON:0002080	heart right ventricle	tissue	Homo sapiens	NA	NA	NA	NA	NA	NA	NA	NA	NA	/human-donors/ENCDO439CAZ/	ENCSR908NSV	mapping quality thresholded contact matrix	ENCFF663FRL	/human-donors/ENCDO439CAZ/	ENCSR211SUT	2020-09-28	John Stamatoyannopoulos, UW	ENCFF305LFG	alignments	paired-ended	syn55174375	syn55174372	syn55174370	syn55174369
UBERON:0002080	heart right ventricle	tissue	Homo sapiens	NA	NA	NA	NA	NA	NA	NA	NA	NA	/human-donors/ENCDO907YUG/	ENCSR941KKW	mapping quality thresholded contact matrix	ENCFF736ITL	/human-donors/ENCDO907YUG/	ENCSR246VSO	2020-09-28	John Stamatoyannopoulos, UW	ENCFF556BGQ	alignments	paired-ended	syn55174381	syn55174378	syn55174376	syn55174373
UBERON:0002113	kidney	tissue	Homo sapiens	NA	NA	NA	NA	NA	NA	NA	NA	NA	/human-donors/ENCDO528BHB/	ENCSR044YKV	mapping quality thresholded contact matrix	ENCFF417GBZ	/human-donors/ENCDO528BHB/	ENCSR206OJJ	2020-09-28	John Stamatoyannopoulos, UW	ENCFF698CEN	alignments	paired-ended	syn55174386	syn55174382	syn55174380	syn55174379
UBERON:0002079	left cardiac atrium	tissue	Homo sapiens	NA	NA	NA	NA	NA	NA	NA	NA	NA	/human-donors/ENCDO856ZOJ/	ENCSR434MBR	mapping quality thresholded contact matrix	ENCFF628LQQ	/human-donors/ENCDO856ZOJ/	ENCSR032NNU	2020-09-28	John Stamatoyannopoulos, UW	ENCFF857BLF	alignments	paired-ended	syn55174390	syn55174387	syn55174385	syn55174384
UBERON:0002079	left cardiac atrium	tissue	Homo sapiens	NA	NA	NA	NA	NA	NA	NA	NA	NA	/human-donors/ENCDO520EJG/	ENCSR975NRV	mapping quality thresholded contact matrix	ENCFF614IPZ	/human-donors/ENCDO856ZOJ/	ENCSR032NNU	2020-09-28	John Stamatoyannopoulos, UW	ENCFF857BLF	alignments	paired-ended	syn55174396	syn55174391	syn55174389	syn55174388
UBERON:0008971	left colon	tissue	Homo sapiens	NA	NA	NA	NA	NA	NA	NA	NA	NA	/human-donors/ENCDO856ZOJ/	ENCSR298UUL	mapping quality thresholded contact matrix	ENCFF035BLF	/human-donors/ENCDO856ZOJ/	ENCSR867XFA	2020-09-28	John Stamatoyannopoulos, UW	ENCFF794DGN	alignments	paired-ended	syn55174400	syn55174397	syn55174395	syn55174394
UBERON:0008971	left colon	tissue	Homo sapiens	NA	NA	NA	NA	NA	NA	NA	NA	NA	/human-donors/ENCDO411EVD/	ENCSR972FIP	mapping quality thresholded contact matrix	ENCFF660JWA	/human-donors/ENCDO411EVD/	ENCSR279SXQ	2020-09-28	John Stamatoyannopoulos, UW	ENCFF966UTQ	alignments	paired-ended	syn55174405	syn55174402	syn55174399	syn55174398
UBERON:0002168	left lung	tissue	Homo sapiens	NA	NA	NA	NA	NA	NA	NA	NA	NA	/human-donors/ENCDO392CRK/	ENCSR305GRJ	mapping quality thresholded contact matrix	ENCFF237UKR	/human-donors/ENCDO392CRK/	ENCSR723VNG	2020-09-28	John Stamatoyannopoulos, UW	ENCFF277SFH	alignments	paired-ended	syn55174411	syn55174407	syn55174404	syn55174403
UBERON:0002168	left lung	tissue	Homo sapiens	NA	NA	NA	NA	NA	NA	NA	NA	NA	/human-donors/ENCDO575EGL/	ENCSR892BZA	mapping quality thresholded contact matrix	ENCFF094KKX	/human-donors/ENCDO575EGL/	ENCSR658UBE	2020-09-28	John Stamatoyannopoulos, UW	ENCFF050APU	alignments	paired-ended	syn55174415	syn55174412	syn55174409	syn55174408
NTR:0000493	left ventricle myocardium inferior	tissue	Homo sapiens	NA	NA	NA	NA	NA	NA	NA	NA	NA	/human-donors/ENCDO520EJG/	ENCSR352EGR	mapping quality thresholded contact matrix	ENCFF235LCO	/human-donors/ENCDO520EJG/	ENCSR770OTB	2020-09-28	John Stamatoyannopoulos, UW	ENCFF616QAS	alignments	paired-ended	syn55174420	syn55174416	syn55174414	syn55174413
NTR:0000494	left ventricle myocardium superior	tissue	Homo sapiens	NA	NA	NA	NA	NA	NA	NA	NA	NA	/human-donors/ENCDO520EJG/	ENCSR333BMU	mapping quality thresholded contact matrix	ENCFF318JAP	/human-donors/ENCDO520EJG/	ENCSR355WAJ	2020-09-28	John Stamatoyannopoulos, UW	ENCFF153TBA	alignments	paired-ended	syn55174425	syn55174421	syn55174419	syn55174418
UBERON:0008953	lower lobe of left lung	tissue	Homo sapiens	NA	NA	NA	NA	NA	NA	NA	NA	NA	/human-donors/ENCDO520EJG/	ENCSR068FXF	mapping quality thresholded contact matrix	ENCFF649OHR	/human-donors/ENCDO520EJG/	ENCSR757NJT	2020-09-28	John Stamatoyannopoulos, UW	ENCFF483RKV	alignments	paired-ended	syn55174430	syn55174426	syn55174424	syn55174423
UBERON:0008953	lower lobe of left lung	tissue	Homo sapiens	NA	NA	NA	NA	NA	NA	NA	NA	NA	/human-donors/ENCDO856ZOJ/	ENCSR446NJD	mapping quality thresholded contact matrix	ENCFF395INO	/human-donors/ENCDO856ZOJ/	ENCSR632ONQ	2020-09-28	John Stamatoyannopoulos, UW	ENCFF816ANC	alignments	paired-ended	syn55174434	syn55174431	syn55174429	syn55174428
UBERON:0002171	lower lobe of right lung	tissue	Homo sapiens	NA	NA	NA	NA	NA	NA	NA	NA	NA	/human-donors/ENCDO520EJG/	ENCSR749PID	mapping quality thresholded contact matrix	ENCFF896OFN	/human-donors/ENCDO520EJG/	ENCSR785JXR	2020-09-28	John Stamatoyannopoulos, UW	ENCFF510NET	alignments	paired-ended	syn55174440	syn55174435	syn55174433	syn55174432
CL:0002327	mammary epithelial cell	primary cell	Homo sapiens	NA	NA	NA	NA	NA	NA	NA	NA	NA	/human-donors/ENCDO955XOD/	ENCSR707XVJ	mapping quality thresholded contact matrix	ENCFF512PQA	/human-donors/ENCDO955XOD/	ENCSR817ALC	2022-03-12	John Stamatoyannopoulos, UW	ENCFF570RZQ	alignments	paired-ended	syn55174444	syn55174441	syn55174439	syn55174437
UBERON:0004992	mucosa of descending colon	tissue	Homo sapiens	NA	NA	NA	NA	NA	NA	NA	NA	NA	/human-donors/ENCDO186XRB/	ENCSR206OUF	mapping quality thresholded contact matrix	ENCFF309UNV	/human-donors/ENCDO186XRB/	ENCSR404TSP	2020-09-28	John Stamatoyannopoulos, UW	ENCFF434KAN	alignments	paired-ended	syn55174449	syn55174446	syn55174443	syn55174442
UBERON:0004992	mucosa of descending colon	tissue	Homo sapiens	NA	NA	NA	NA	NA	NA	NA	NA	NA	/human-donors/ENCDO392CRK/	ENCSR595UCM	mapping quality thresholded contact matrix	ENCFF579CAR	/human-donors/ENCDO392CRK/	ENCSR612CTW	2020-09-28	John Stamatoyannopoulos, UW	ENCFF705SSM	alignments	paired-ended	syn55174454	syn55174450	syn55174448	syn55174447
CL:0000895	naive thymus-derived CD4-positive, alpha-beta T cell	primary cell	Homo sapiens	NA	NA	NA	NA	NA	NA	NA	NA	NA	/human-donors/ENCDO374BBL/	ENCSR215PTV	mapping quality thresholded contact matrix	ENCFF520GFL	/human-donors/ENCDO374BBL/	ENCSR232NLA	2021-11-04	John Stamatoyannopoulos, UW	ENCFF772JPZ	alignments	paired-ended	syn55174459	syn55174456	syn55174452	syn55174451
CL:0000895	naive thymus-derived CD4-positive, alpha-beta T cell	primary cell	Homo sapiens	NA	NA	NA	NA	NA	NA	NA	NA	NA	/human-donors/ENCDO791UJG/	ENCSR458VJJ	mapping quality thresholded contact matrix	ENCFF044TCQ	/human-donors/ENCDO791UJG/	ENCSR387EYA	2020-10-05	John Stamatoyannopoulos, UW	ENCFF528COZ	alignments	paired-ended	syn55174464	syn55174460	syn55174458	syn55174457
CL:0000623	natural killer cell	primary cell	Homo sapiens	NA	NA	NA	NA	NA	NA	NA	NA	NA	/human-donors/ENCDO195VEA/	ENCSR971CJS	mapping quality thresholded contact matrix	ENCFF197OWW	/human-donors/ENCDO195VEA/	ENCSR975LGK	2021-11-04	John Stamatoyannopoulos, UW	ENCFF684DLJ	alignments	paired-ended	syn55174469	syn55174465	syn55174462	syn55174461
UBERON:0000992	ovary	tissue	Homo sapiens	NA	NA	NA	NA	NA	NA	NA	NA	NA	/human-donors/ENCDO575WHY/	ENCSR160XGG	mapping quality thresholded contact matrix	ENCFF156GGD	/human-donors/ENCDO575WHY/	ENCSR872DUY	2020-09-28	John Stamatoyannopoulos, UW	ENCFF218QGZ	alignments	paired-ended	syn55174474	syn55174468	syn55174467	syn55174466
UBERON:0000992	ovary	tissue	Homo sapiens	NA	NA	NA	NA	NA	NA	NA	NA	NA	/human-donors/ENCDO793LXB/	ENCSR181LJD	mapping quality thresholded contact matrix	ENCFF019YVI	/human-donors/ENCDO793LXB/	ENCSR930PDT	2019-11-08	John Stamatoyannopoulos, UW	ENCFF072TVW	alignments	paired-ended	syn55174478	syn55174475	syn55174471	syn55174470
UBERON:0000992	ovary	tissue	Homo sapiens	NA	NA	NA	NA	NA	NA	NA	NA	NA	/human-donors/ENCDO856ZOJ/	ENCSR782YIX	mapping quality thresholded contact matrix	ENCFF700CYI	/human-donors/ENCDO856ZOJ/	ENCSR330ZBO	2020-09-28	John Stamatoyannopoulos, UW	ENCFF180HNU	alignments	paired-ended	syn55174483	syn55174479	syn55174477	syn55174476
UBERON:0000992	ovary	tissue	Homo sapiens	NA	NA	NA	NA	NA	NA	NA	NA	NA	/human-donors/ENCDO186XRB/	ENCSR872ZCP	mapping quality thresholded contact matrix	ENCFF496GEU	/human-donors/ENCDO186XRB/	ENCSR138UGH	2020-09-28	John Stamatoyannopoulos, UW	ENCFF764XZE	alignments	paired-ended	syn55174487	syn55174484	syn55174481	syn55174480
UBERON:0001264	pancreas	tissue	Homo sapiens	NA	NA	NA	NA	NA	NA	NA	NA	NA	/human-donors/ENCDO856ZOJ/	ENCSR387RQD	mapping quality thresholded contact matrix	ENCFF705MKK	/human-donors/ENCDO856ZOJ/	ENCSR999VDH	2020-09-28	John Stamatoyannopoulos, UW	ENCFF456GDF	alignments	paired-ended	syn55174493	syn55174488	syn55174486	syn55174485
UBERON:0001264	pancreas	tissue	Homo sapiens	NA	NA	NA	NA	NA	NA	NA	NA	NA	/human-donors/ENCDO186XRB/	ENCSR408HOG	mapping quality thresholded contact matrix	ENCFF653HCO	/human-donors/ENCDO186XRB/	ENCSR589HAC	2020-09-28	John Stamatoyannopoulos, UW	ENCFF979ZTM	alignments	paired-ended	syn55174497	syn55174494	syn55174490	syn55174489
UBERON:0001264	pancreas	tissue	Homo sapiens	NA	NA	NA	NA	NA	NA	NA	NA	NA	/human-donors/ENCDO575EGL/	ENCSR502GIO	mapping quality thresholded contact matrix	ENCFF586MQY	/human-donors/ENCDO575EGL/	ENCSR242RPQ	2020-09-28	John Stamatoyannopoulos, UW	ENCFF942NPB	alignments	paired-ended	syn55174502	syn55174498	syn55174496	syn55174495
UBERON:0001072	posterior vena cava	tissue	Homo sapiens	NA	NA	NA	NA	NA	NA	NA	NA	NA	/human-donors/ENCDO528BHB/	ENCSR500AJN	mapping quality thresholded contact matrix	ENCFF673EOB	/human-donors/ENCDO528BHB/	ENCSR324NVG	2020-09-28	John Stamatoyannopoulos, UW	ENCFF019WJX	alignments	paired-ended	syn55174507	syn55174503	syn55174500	syn55174499
UBERON:0001072	posterior vena cava	tissue	Homo sapiens	NA	NA	NA	NA	NA	NA	NA	NA	NA	/human-donors/ENCDO856ZOJ/	ENCSR941AMF	mapping quality thresholded contact matrix	ENCFF946RZW	/human-donors/ENCDO528BHB/	ENCSR324NVG	2020-09-28	John Stamatoyannopoulos, UW	ENCFF019WJX	alignments	paired-ended	syn55174512	syn55174508	syn55174505	syn55174504
UBERON:0002367	prostate gland	tissue	Homo sapiens	NA	NA	NA	NA	NA	NA	NA	NA	NA	/human-donors/ENCDO451RUA/	ENCSR557QRO	mapping quality thresholded contact matrix	ENCFF515ZBF	/human-donors/ENCDO845WKR/	ENCSR564FZH	2019-11-08	John Stamatoyannopoulos, UW	ENCFF084DLF	alignments	paired-ended	syn55174516	syn55174513	syn55174511	syn55174509
UBERON:0008450	psoas muscle	tissue	Homo sapiens	NA	NA	NA	NA	NA	NA	NA	NA	NA	/human-donors/ENCDO575WHY/	ENCSR173QPK	mapping quality thresholded contact matrix	ENCFF625VNK	/human-donors/ENCDO856ZOJ/	ENCSR388DHS	2020-09-28	John Stamatoyannopoulos, UW	ENCFF917YWG	alignments	paired-ended	syn55174521	syn55174517	syn55174515	syn55174514
UBERON:0008450	psoas muscle	tissue	Homo sapiens	NA	NA	NA	NA	NA	NA	NA	NA	NA	/human-donors/ENCDO186XRB/	ENCSR538PNC	mapping quality thresholded contact matrix	ENCFF136XCV	/human-donors/ENCDO186XRB/	ENCSR108SYM	2020-09-28	John Stamatoyannopoulos, UW	ENCFF042TFK	alignments	paired-ended	syn55174525	syn55174522	syn55174520	syn55174519
UBERON:0002078	right cardiac atrium	tissue	Homo sapiens	NA	NA	NA	NA	NA	NA	NA	NA	NA	/human-donors/ENCDO411EVD/	ENCSR168PIR	mapping quality thresholded contact matrix	ENCFF284OEA	/human-donors/ENCDO411EVD/	ENCSR374VQC	2020-09-28	John Stamatoyannopoulos, UW	ENCFF103KZD	alignments	paired-ended	syn55174531	syn55174527	syn55174524	syn55174523
UBERON:0002078	right cardiac atrium	tissue	Homo sapiens	NA	NA	NA	NA	NA	NA	NA	NA	NA	/human-donors/ENCDO856ZOJ/	ENCSR173VDQ	mapping quality thresholded contact matrix	ENCFF081NPN	/human-donors/ENCDO856ZOJ/	ENCSR622HTS	2020-09-28	John Stamatoyannopoulos, UW	ENCFF369ITQ	alignments	paired-ended	syn55174535	syn55174532	syn55174529	syn55174528
UBERON:0002078	right cardiac atrium	tissue	Homo sapiens	NA	NA	NA	NA	NA	NA	NA	NA	NA	/human-donors/ENCDO520EJG/	ENCSR503LWK	mapping quality thresholded contact matrix	ENCFF784WTB	/human-donors/ENCDO520EJG/	ENCSR485UQY	2020-10-02	John Stamatoyannopoulos, UW	ENCFF104IKA	alignments	paired-ended	syn55174540	syn55174537	syn55174534	syn55174533
UBERON:0002078	right cardiac atrium	tissue	Homo sapiens	NA	NA	NA	NA	NA	NA	NA	NA	NA	/human-donors/ENCDO392CRK/	ENCSR994DPD	mapping quality thresholded contact matrix	ENCFF459FRB	/human-donors/ENCDO520EJG/	ENCSR485UQY	2020-10-02	John Stamatoyannopoulos, UW	ENCFF104IKA	alignments	paired-ended	syn55174544	syn55174541	syn55174539	syn55174538
UBERON:0001114	right lobe of liver	tissue	Homo sapiens	NA	NA	NA	NA	NA	NA	NA	NA	NA	/human-donors/ENCDO912EIY/	ENCSR753CKM	mapping quality thresholded contact matrix	ENCFF952JZV	/human-donors/ENCDO912EIY/	ENCSR164TBP	2020-10-02	John Stamatoyannopoulos, UW	ENCFF892VLK	alignments	paired-ended	syn55174549	syn55174546	syn55174543	syn55174542
UBERON:0001114	right lobe of liver	tissue	Homo sapiens	NA	NA	NA	NA	NA	NA	NA	NA	NA	/human-donors/ENCDO575WHY/	ENCSR874EIH	mapping quality thresholded contact matrix	ENCFF705YZH	/human-donors/ENCDO575WHY/	ENCSR933GMM	2020-10-02	John Stamatoyannopoulos, UW	ENCFF427BNB	alignments	paired-ended	syn55174554	syn55174550	syn55174548	syn55174547
UBERON:0001322	sciatic nerve	tissue	Homo sapiens	NA	NA	NA	NA	NA	NA	NA	NA	NA	/human-donors/ENCDO575WHY/	ENCSR119TFS	mapping quality thresholded contact matrix	ENCFF602CHT	/human-donors/ENCDO575WHY/	ENCSR672MOG	2020-10-02	John Stamatoyannopoulos, UW	ENCFF107GZP	alignments	paired-ended	syn55174559	syn55174556	syn55174552	syn55174551
UBERON:0001159	sigmoid colon	tissue	Homo sapiens	NA	NA	NA	NA	NA	NA	NA	NA	NA	/human-donors/ENCDO793LXB/	ENCSR123ZFD	mapping quality thresholded contact matrix	ENCFF897KRI	/human-donors/ENCDO793LXB/	ENCSR276ITP	2019-11-08	John Stamatoyannopoulos, UW	ENCFF531YYI	alignments	paired-ended	syn55174564	syn55174560	syn55174558	syn55174557
UBERON:0002106	spleen	tissue	Homo sapiens	NA	NA	NA	NA	NA	NA	NA	NA	NA	/human-donors/ENCDO186XRB/	ENCSR692QWS	mapping quality thresholded contact matrix	ENCFF280EYD	/human-donors/ENCDO186XRB/	ENCSR567EEO	2020-10-02	John Stamatoyannopoulos, UW	ENCFF136TSS	alignments	paired-ended	syn55174568	syn55174565	syn55174563	syn55174561
UBERON:0002046	thyroid gland	tissue	Homo sapiens	NA	NA	NA	NA	NA	NA	NA	NA	NA	/human-donors/ENCDO793LXB/	ENCSR043XTM	mapping quality thresholded contact matrix	ENCFF839VMS	/human-donors/ENCDO793LXB/	ENCSR195ONB	2019-11-08	John Stamatoyannopoulos, UW	ENCFF086CGV	alignments	paired-ended	syn55174572	syn55174569	syn55174567	syn55174566
UBERON:0002170	upper lobe of right lung	tissue	Homo sapiens	NA	NA	NA	NA	NA	NA	NA	NA	NA	/human-donors/ENCDO520EJG/	ENCSR673UZF	mapping quality thresholded contact matrix	ENCFF304HMS	/human-donors/ENCDO520EJG/	ENCSR357AWH	2020-10-02	John Stamatoyannopoulos, UW	ENCFF702XKC	alignments	paired-ended	syn55174576	syn55174574	syn55174573	syn55174570
